model,test_shell,diameter,seed,params,delivery,stretch_med,stretch_p90,pairs
GCN,starlink_mini264,28,0,3265,0.14898989898989898,1.0,1.0458985401370104,396
Heat,starlink_mini264,28,0,3268,0.6338383838383839,1.029760665753191,1.1069630757359599,396
QW,starlink_mini264,28,0,3268,0.7045454545454546,1.0311130554481833,1.1129074503751961,396
GCN,starlink_mini264,28,1,3265,0.13383838383838384,1.0066252484860243,1.0666807072775868,396
Heat,starlink_mini264,28,1,3268,0.6035353535353535,1.0362480080405527,1.1267278605640305,396
QW,starlink_mini264,28,1,3268,0.6540404040404041,1.0388321185583413,1.133887347865884,396
GCN,starlink_mini264,28,2,3265,0.16161616161616163,1.0,1.05212356261038,396
Heat,starlink_mini264,28,2,3268,0.6287878787878788,1.0423168012429185,1.135397943707056,396
QW,starlink_mini264,28,2,3268,0.6439393939393939,1.0470512050003726,1.14025519029193,396
