prop,seed,split,inst,blind,ue,gnn,recovered
GCN,0,in-dist,0,86.5073329860334,34.26143287590632,40.232846483874596,0.885705603781706
GCN,0,in-dist,1,85.35063257704387,36.049819105741435,41.97514627076617,0.8798127911525473
GCN,0,ood-largeshell,0,7840273.125098808,10557.337579223304,3012428.9958700035,0.6166052843098462
GCN,0,ood-largeshell,1,8826688.666380676,10761.209090371345,3063969.806901684,0.65367131108974
GCN,1,in-dist,0,94.05154983375954,39.274521286302786,49.67703584410701,0.8100934856517111
GCN,1,in-dist,1,75.74770820809829,36.54490906910878,39.318344951714415,0.9292541363494811
GCN,1,ood-largeshell,0,8708102.719000958,13224.399347558705,1701573.4608881962,0.8058225774448861
GCN,1,ood-largeshell,1,8622327.256108686,10839.173333364608,1949695.4292461113,0.7748523556816108
