seed,split,blind,ue,so,geo_ttt,onestep,gnn,geo_stuck_frac,r_ue,r_so,r_geo,r_1step,r_gnn
0,in-dist,89.62796130660753,34.33515793560427,33.32476175025032,74.86944007014681,77.13755605826219,36.33450751416418,0.5314091680814941,0.3830853389395684,0.3718121138140131,0.8353357476694865,0.8606416450150303,0.4053925469739044
0,in-dist,101.06493454874008,38.26511435764127,36.93925304444673,84.45213423463485,134.43573193735472,47.57035039216888,0.5721561969439728,0.37861909799374915,0.3655001926175712,0.8356225095451533,1.3301916489395347,0.47069095334175837
0,ood,1783.2381777720834,106.77356404985494,106.88592340163663,1411.5431233572117,1035.6067429894556,574.2946395555215,0.6633081444164568,0.0598762214609235,0.05993923006694273,0.791561744780916,0.5807450490339474,0.322051561431365
0,ood,1843.452570079896,107.74184842627845,107.53375189339043,1496.8721043610833,1027.7859011496487,429.7135715932964,0.6747899159663866,0.05844568511009148,0.05833280098371604,0.811993825420856,0.5575331407116724,0.23310259160867505
1,in-dist,105.2880635093267,38.42850513061441,37.08149149190221,76.97286384827113,115.58741696596994,45.00527815833486,0.5621805792163543,0.3649844422032732,0.3521908396445855,0.731069233137265,1.0978207131307993,0.4274490066421268
1,in-dist,94.11957110270606,36.39856890693606,35.21042493599371,70.25479293490663,91.50375364596134,38.9737701555328,0.5295109612141653,0.3867268887914594,0.37410311716753414,0.7464419154464965,0.9722075076830698,0.41408784271874194
1,ood,2541.238299297486,110.73996588026966,110.83090926735099,2082.6838791355885,1145.820002993772,1134.1187223130303,0.6950294860994103,0.04357716704918356,0.04361295408541171,0.819554734284989,0.450890419568495,0.4462858609625679
1,ood,2253.9065418336636,110.86547684299146,110.47231788844599,1687.2678701252748,1265.5220556917516,1085.9204854833288,0.6621735467565291,0.04918814280240606,0.049013708349491425,0.748597086351504,0.56147938355163,0.4817948150591369
