eps,rel_err,gap_sp_pct,gap_mp_pct
0.0,0.0,12.731131732329805,3.5630810123864145
0.05,0.026934727334116452,12.327129276154702,3.5766731825565654
0.1,0.05115798487673679,14.003673756221337,3.6972384291117826
0.2,0.10387464388062696,17.181374476229124,3.9142101378496186
0.4,0.1979001655688407,18.560139537528503,4.544154112850796
0.8,0.38284764383009673,28.131276679210952,6.212502423000058
