load,ue_ttt,so_ttt,poa,poa_std,n
300,15.546049523690627,15.503932446267095,1.0027253004984815,0.0011769517371438914,3
600,34.98979548720294,33.96503602640681,1.0301837347631941,0.004234614972367831,3
1000,79.68422673713162,71.33513154745256,1.116947403169135,0.008243602424364505,3
