load,ue_ttt,so_ttt,poa
300,15.546049523690627,15.503932446267095,1.002716541598043
600,34.98979548720294,33.96503602640681,1.0301710105650828
1000,79.68422673713162,71.33513154745256,1.117040440082811
